date,AverageTemperature,AverageTemperatureUncertainty,Country
1820-08-01,16.684,1.978,China
1820-09-01,13.292,1.555,China
1820-10-01,5.624,1.383,China
1820-11-01,-1.981,1.34,China
1820-12-01,-8.551,1.508,China
1821-01-01,-7.469,1.909,China
1821-02-01,-4.029,2.17,China
1821-03-01,1.381,1.366,China
1821-04-01,7.45,1.66,China
1821-05-01,13.463,1.458,China
1821-06-01,16.799,1.745,China
1821-07-01,18.608,1.76,China
1821-08-01,18.011,1.446,China
1821-09-01,12.107,1.514,China
1821-10-01,6.414,1.351,China
1821-11-01,-0.304,2.165,China
1821-12-01,-7.021,1.625,China
1822-01-01,-8.174,1.876,China
1822-02-01,-3.866,1.855,China
1822-03-01,3.924,1.67,China
1822-04-01,7.91,1.559,China
1822-05-01,12.932,1.443,China
1822-06-01,17.335,1.386,China
1822-07-01,19.751,1.446,China
1822-08-01,17.994,1.865,China
1822-09-01,12.82,1.606,China
1822-10-01,5.925,1.376,China
1822-11-01,-1.745,1.57,China
1822-12-01,-8.709,2.03,China
1823-01-01,-9.109,1.478,China
1823-02-01,-6.11,1.991,China
1823-03-01,0.836,1.541,China
1823-04-01,7.403,1.936,China
1823-05-01,12.767,1.501,China
1823-06-01,18.12,1.872,China
1823-07-01,19.602,1.391,China
1823-08-01,17.686,1.467,China
1823-09-01,12.135,1.391,China
1823-10-01,5.528,1.576,China
1823-11-01,-1.59,1.911,China
1823-12-01,,,China
1824-01-01,,,China
1824-02-01,,,China
1824-03-01,,,China
1824-04-01,,,China
1824-05-01,,,China
1824-06-01,,,China
1824-07-01,,,China
1824-08-01,,,China
1824-09-01,,,China
1824-10-01,,,China
1824-11-01,,,China
1824-12-01,,,China
1825-01-01,,,China
1825-02-01,,,China
1825-03-01,,,China
1825-04-01,,,China
1825-05-01,,,China
1825-06-01,,,China
1825-07-01,,,China
1825-08-01,,,China
1825-09-01,,,China
1825-10-01,,,China
1825-11-01,,,China
1825-12-01,,,China
1826-01-01,,,China
1826-02-01,,,China
1826-03-01,,,China
1826-04-01,,,China
1826-05-01,,,China
1826-06-01,,,China
1826-07-01,,,China
1826-08-01,,,China
1826-09-01,,,China
1826-10-01,,,China
1826-11-01,,,China
1826-12-01,,,China
1827-01-01,,,China
1827-02-01,,,China
1827-03-01,,,China
1827-04-01,,,China
1827-05-01,,,China
1827-06-01,,,China
1827-07-01,,,China
1827-08-01,,,China
1827-09-01,,,China
1827-10-01,,,China
1827-11-01,,,China
1827-12-01,,,China
1828-01-01,,,China
1828-02-01,,,China
1828-03-01,,,China
1828-04-01,,,China
1828-05-01,,,China
1828-06-01,,,China
1828-07-01,,,China
1828-08-01,,,China
1828-09-01,,,China
1828-10-01,,,China
1828-11-01,,,China
1828-12-01,,,China
1829-01-01,,,China
1829-02-01,,,China
1829-03-01,,,China
1829-04-01,,,China
1829-05-01,,,China
1829-06-01,,,China
1829-07-01,,,China
1829-08-01,,,China
1829-09-01,,,China
1829-10-01,,,China
1829-11-01,,,China
1829-12-01,,,China
1830-01-01,,,China
1830-02-01,,,China
1830-03-01,,,China
1830-04-01,,,China
1830-05-01,,,China
1830-06-01,,,China
1830-07-01,,,China
1830-08-01,,,China
1830-09-01,,,China
1830-10-01,,,China
1830-11-01,,,China
1830-12-01,,,China
1831-01-01,,,China
1831-02-01,,,China
1831-03-01,,,China
1831-04-01,,,China
1831-05-01,,,China
1831-06-01,,,China
1831-07-01,,,China
1831-08-01,,,China
1831-09-01,,,China
1831-10-01,,,China
1831-11-01,,,China
1831-12-01,,,China
1832-01-01,,,China
1832-02-01,,,China
1832-03-01,,,China
1832-04-01,,,China
1832-05-01,,,China
1832-06-01,,,China
1832-07-01,,,China
1832-08-01,,,China
1832-09-01,,,China
1832-10-01,,,China
1832-11-01,,,China
1832-12-01,,,China
1833-01-01,-8.637,1.639,China
1833-02-01,-5.766,1.484,China
1833-03-01,-0.212,1.523,China
1833-04-01,6.847,1.561,China
1833-05-01,12.857,1.306,China
1833-06-01,17.132,1.449,China
1833-07-01,19.432,1.618,China
1833-08-01,17.803,1.593,China
1833-09-01,13.409,1.445,China
1833-10-01,6.034,1.473,China
1833-11-01,0.426,1.684,China
1833-12-01,-6.853,1.786,China
1834-01-01,-10.881,1.367,China
1834-02-01,-5.797,1.777,China
1834-03-01,1.896,1.537,China
1834-04-01,7.279,2.097,China
1834-05-01,13.542,1.431,China
1834-06-01,17.014,1.792,China
1834-07-01,19.733,1.555,China
1834-08-01,17.908,1.468,China
1834-09-01,13.841,1.721,China
1834-10-01,6.399,1.37,China
1834-11-01,0.373,1.792,China
1834-12-01,-6.089,1.515,China
1835-01-01,-7.78,1.828,China
1835-02-01,-4.743,1.459,China
1835-03-01,-0.187,1.551,China
1835-04-01,7.346,1.544,China
1835-05-01,12.049,1.317,China
1835-06-01,16.19,1.694,China
1835-07-01,18.317,1.578,China
1835-08-01,16.827,1.333,China
1835-09-01,11.886,1.476,China
1835-10-01,5.555,1.532,China
1835-11-01,-2.156,1.451,China
1835-12-01,-8.093,1.468,China
1836-01-01,-8.618,1.43,China
1836-02-01,-6.027,1.589,China
1836-03-01,1.3,1.369,China
1836-04-01,6.922,1.383,China
1836-05-01,,,China
1836-06-01,17.034,1.421,China
1836-07-01,19.273,1.517,China
1836-08-01,17.874,1.578,China
1836-09-01,12.888,1.991,China
1836-10-01,7.054,2.532,China
1836-11-01,-2.368,1.56,China
1836-12-01,-6.32,1.681,China
1837-01-01,,,China
1837-02-01,,,China
1837-03-01,,,China
1837-04-01,,,China
1837-05-01,,,China
1837-06-01,,,China
1837-07-01,19.511,1.4,China
1837-08-01,18.208,1.279,China
1837-09-01,13.095,1.375,China
1837-10-01,6.185,1.469,China
1837-11-01,-1.972,1.472,China
1837-12-01,-6.206,1.793,China
1838-01-01,-11.732,2.129,China
1838-02-01,-6.76,1.785,China
1838-03-01,-0.594,1.645,China
1838-04-01,7.168,1.371,China
1838-05-01,12.151,1.477,China
1838-06-01,17.238,1.486,China
1838-07-01,20.321,1.645,China
1838-08-01,18.585,1.882,China
1838-09-01,13.085,1.577,China
1838-10-01,6.993,1.917,China
1838-11-01,-1.134,2.17,China
1838-12-01,-6.741,1.779,China
1839-01-01,-9.02,1.835,China
1839-02-01,-5.002,1.87,China
1839-03-01,-1.718,1.751,China
1839-04-01,7.152,1.705,China
1839-05-01,12.133,1.575,China
1839-06-01,16.984,1.501,China
1839-07-01,19.807,1.968,China
1839-08-01,18.542,1.872,China
1839-09-01,13.358,1.471,China
1839-10-01,5.759,1.991,China
1839-11-01,-2.505,1.763,China
1839-12-01,-9.261,1.749,China
1840-01-01,-8.354,1.959,China
1840-02-01,-5.883,1.769,China
1840-03-01,-0.501,1.446,China
1840-04-01,7.828,1.542,China
1840-05-01,13.377,1.6,China
1840-06-01,17.51,1.72,China
1840-07-01,20.408,1.359,China
1840-08-01,18.355,1.427,China
1840-09-01,13.24,1.262,China
1840-10-01,5.559,1.428,China
1840-11-01,-1.757,1.316,China
1840-12-01,-7.559,1.464,China
1841-01-01,-10.354,1.684,China
1841-02-01,-5.737,1.359,China
1841-03-01,-1.438,1.068,China
1841-04-01,6.265,1.695,China
1841-05-01,12.844,1.073,China
1841-06-01,16.733,1.916,China
1841-07-01,19.732,1.558,China
1841-08-01,18.165,1.666,China
1841-09-01,13.047,1.057,China
1841-10-01,6.601,1.283,China
1841-11-01,-1.528,1.074,China
1841-12-01,-8.181,1.677,China
1842-01-01,-8.676,1.689,China
1842-02-01,-5.176,1.443,China
1842-03-01,2.042,1.28,China
1842-04-01,8.524,1.015,China
1842-05-01,12.774,1.045,China
1842-06-01,16.842,1.237,China
1842-07-01,18.57,1.1,China
1842-08-01,17.789,1.579,China
1842-09-01,13.338,1.111,China
1842-10-01,6.289,1.268,China
1842-11-01,-1.305,1.331,China
1842-12-01,-5.669,1.246,China
1843-01-01,-8.042,1.278,China
1843-02-01,-3.91,1.395,China
1843-03-01,0.972,1.391,China
1843-04-01,8.101,1.1,China
1843-05-01,12.334,1.042,China
1843-06-01,16.605,1.156,China
1843-07-01,19.379,1.449,China
1843-08-01,18.454,1.164,China
1843-09-01,13.55,1.01,China
1843-10-01,6.48,1.478,China
1843-11-01,-1.301,1.201,China
1843-12-01,-5.655,1.693,China
1844-01-01,-8.012,1.2,China
1844-02-01,-5.701,2.073,China
1844-03-01,1.603,1.25,China
1844-04-01,6.929,1.171,China
1844-05-01,12.024,1.348,China
1844-06-01,16.802,1.195,China
1844-07-01,19.01,1.516,China
1844-08-01,18.212,1.321,China
1844-09-01,13.024,1.053,China
1844-10-01,7.039,1.031,China
1844-11-01,-0.481,1.582,China
1844-12-01,-7.831,1.185,China
1845-01-01,-7.781,1.28,China
1845-02-01,-6.311,2.109,China
1845-03-01,0.989,1.256,China
1845-04-01,7.587,1.291,China
1845-05-01,13.343,1.157,China
1845-06-01,17.814,1.342,China
1845-07-01,19.566,1.257,China
1845-08-01,17.966,1.182,China
1845-09-01,13.379,1.046,China
1845-10-01,6.178,1.259,China
1845-11-01,-1.237,1.108,China
1845-12-01,-9.217,1.344,China
1846-01-01,-8.316,2.548,China
1846-02-01,-4.145,2.305,China
1846-03-01,1.82,1.567,China
1846-04-01,6.635,1.049,China
1846-05-01,12.54,1.142,China
1846-06-01,17.91,1.494,China
1846-07-01,20.339,1.362,China
1846-08-01,18.885,1.213,China
1846-09-01,13.954,1.233,China
1846-10-01,6.212,1.082,China
1846-11-01,-1.173,1.11,China
1846-12-01,-5.611,1.514,China
1847-01-01,-7.477,1.749,China
1847-02-01,-5.012,1.076,China
1847-03-01,0.388,1.404,China
1847-04-01,7.95,1.167,China
1847-05-01,12.657,0.974,China
1847-06-01,16.72,1.258,China
1847-07-01,19.687,1.011,China
1847-08-01,17.967,0.967,China
1847-09-01,13.285,1.096,China
1847-10-01,6.553,0.939,China
1847-11-01,0.361,1.062,China
1847-12-01,-7.994,1.196,China
1848-01-01,-10.862,1.249,China
1848-02-01,-4.909,1.652,China
1848-03-01,0.674,1.162,China
1848-04-01,6.987,1.352,China
1848-05-01,12.685,1.14,China
1848-06-01,17.052,1.513,China
1848-07-01,19.714,1.039,China
1848-08-01,17.895,1.03,China
1848-09-01,13.154,1.236,China
1848-10-01,6.469,1.147,China
1848-11-01,-1.319,0.999,China
1848-12-01,-6.263,1.189,China
1849-01-01,-7.779,1.116,China
1849-02-01,-5.032,1.582,China
1849-03-01,1.694,1.591,China
1849-04-01,6.773,1.485,China
1849-05-01,12.113,1.177,China
1849-06-01,17.051,1.09,China
1849-07-01,19.082,1.149,China
1849-08-01,18.477,1.07,China
1849-09-01,13.438,1.195,China
1849-10-01,6.537,1.618,China
1849-11-01,-1.145,1.355,China
1849-12-01,-7.951,1.204,China
1850-01-01,-9.667,1.286,China
1850-02-01,-5.662,1.65,China
1850-03-01,1.352,1.699,China
1850-04-01,6.279,1.41,China
1850-05-01,12.577,1.082,China
1850-06-01,16.993,1.119,China
1850-07-01,19.555,1.016,China
1850-08-01,18.341,1.381,China
1850-09-01,13.558,0.93,China
1850-10-01,6.557,1.525,China
1850-11-01,-1.895,1.533,China
1850-12-01,-7.102,1.363,China
1851-01-01,-8.463,0.975,China
1851-02-01,-5.701,1.188,China
1851-03-01,-0.723,1.288,China
1851-04-01,5.575,1.004,China
1851-05-01,12.563,1.328,China
1851-06-01,17.627,1.03,China
1851-07-01,19.942,1.245,China
1851-08-01,18.39,1.125,China
1851-09-01,13.148,1.024,China
1851-10-01,6.403,1.154,China
1851-11-01,-2.224,0.908,China
1851-12-01,-7.143,1.551,China
1852-01-01,-8.867,1.583,China
1852-02-01,-6.925,1.112,China
1852-03-01,-1.233,1.381,China
1852-04-01,6.664,1.359,China
1852-05-01,13.003,1.15,China
1852-06-01,17.581,1.086,China
1852-07-01,20.164,1.043,China
1852-08-01,17.961,1.021,China
1852-09-01,13.287,0.95,China
1852-10-01,7.235,1.029,China
1852-11-01,-2.132,0.955,China
1852-12-01,-6.448,1.711,China
1853-01-01,-10.412,1.115,China
1853-02-01,-7.018,1.561,China
1853-03-01,0.57,0.995,China
1853-04-01,6.508,0.989,China
1853-05-01,12.977,1.024,China
1853-06-01,17.816,0.886,China
1853-07-01,20.668,0.97,China
1853-08-01,18.727,0.909,China
1853-09-01,14.271,0.991,China
1853-10-01,6.108,1.352,China
1853-11-01,-1.21,1.072,China
1853-12-01,-7.034,0.967,China
1854-01-01,-8.36,0.991,China
1854-02-01,-7.285,1.649,China
1854-03-01,1.277,0.927,China
1854-04-01,7.468,1.142,China
1854-05-01,13.737,1.097,China
1854-06-01,17.213,1.094,China
1854-07-01,20.464,1.031,China
1854-08-01,18.893,1.124,China
1854-09-01,13.767,1.125,China
1854-10-01,7.606,1.658,China
1854-11-01,-0.553,1.191,China
1854-12-01,-6.55,1.222,China
1855-01-01,-8.637,1.246,China
1855-02-01,-4.503,1.582,China
1855-03-01,1.137,1.303,China
1855-04-01,9.113,1.101,China
1855-05-01,13.485,1.094,China
1855-06-01,17.564,1.133,China
1855-07-01,19.643,1.054,China
1855-08-01,18.485,1.046,China
1855-09-01,13.575,1.035,China
1855-10-01,6.504,1.23,China
1855-11-01,-1.259,1.215,China
1855-12-01,-6.92,1.871,China
1856-01-01,-8.836,1.293,China
1856-02-01,-7.404,1.374,China
1856-03-01,0.855,1.232,China
1856-04-01,7.611,1.193,China
1856-05-01,12.691,1.372,China
1856-06-01,17.713,1.473,China
1856-07-01,19.882,1.227,China
1856-08-01,18.102,1.325,China
1856-09-01,13.106,1.177,China
1856-10-01,6.427,1.117,China
1856-11-01,-0.809,1.267,China
1856-12-01,-6.191,1.223,China
1857-01-01,-9.388,1.452,China
1857-02-01,-5.527,1.653,China
1857-03-01,0.65,1.344,China
1857-04-01,7.007,1.326,China
1857-05-01,11.994,1.112,China
1857-06-01,16.758,1.076,China
1857-07-01,19.457,1.079,China
1857-08-01,17.924,1.197,China
1857-09-01,13.398,1.063,China
1857-10-01,6.637,1.18,China
1857-11-01,-1.271,1.327,China
1857-12-01,-6.123,1.307,China
1858-01-01,-7.78,1.792,China
1858-02-01,-5.114,1.201,China
1858-03-01,0.711,1.317,China
1858-04-01,8.311,1.415,China
1858-05-01,12.869,1.17,China
1858-06-01,17.118,1.189,China
1858-07-01,19.355,1.289,China
1858-08-01,18.221,1.113,China
1858-09-01,13.661,1.146,China
1858-10-01,7.099,1.163,China
1858-11-01,0.121,1.117,China
1858-12-01,-7.603,1.159,China
1859-01-01,-8.218,1.18,China
1859-02-01,-5.759,1.321,China
1859-03-01,1.198,1.095,China
1859-04-01,8.828,1.126,China
1859-05-01,13.896,0.962,China
1859-06-01,17.472,0.963,China
1859-07-01,19.473,1,China
1859-08-01,18.432,0.94,China
1859-09-01,13.275,0.969,China
1859-10-01,7.019,1.106,China
1859-11-01,-0.371,1.532,China
1859-12-01,-6.823,1.32,China
1860-01-01,-9.758,1.41,China
1860-02-01,-5.915,1.424,China
1860-03-01,-1.899,2.066,China
1860-04-01,7.168,1.203,China
1860-05-01,12.469,1.157,China
1860-06-01,17.229,1.078,China
1860-07-01,19.237,1.516,China
1860-08-01,18.647,1.211,China
1860-09-01,14.458,1.069,China
1860-10-01,6.335,1.315,China
1860-11-01,-2.123,1.136,China
1860-12-01,-8.536,1.3,China
1861-01-01,-11.228,1.16,China
1861-02-01,-7.32,1.308,China
1861-03-01,0.381,1.138,China
1861-04-01,7.929,1.134,China
1861-05-01,12.404,1.52,China
1861-06-01,17.579,1.031,China
1861-07-01,19.694,1.245,China
1861-08-01,18.638,1.084,China
1861-09-01,13.232,1.1,China
1861-10-01,6.792,0.99,China
1861-11-01,-0.105,1.29,China
1861-12-01,-7.614,1.453,China
1862-01-01,-11.247,1.654,China
1862-02-01,-6.587,1.397,China
1862-03-01,-0.246,1.289,China
1862-04-01,6.586,1.755,China
1862-05-01,13.364,1.637,China
1862-06-01,17.365,1.326,China
1862-07-01,19.297,1.236,China
1862-08-01,18.367,1.398,China
1862-09-01,13.185,1.401,China
1862-10-01,6.697,1.511,China
1862-11-01,-2.424,1.523,China
1862-12-01,-8.98,1.868,China
1863-01-01,-7.265,1.781,China
1863-02-01,-3.661,1.712,China
1863-03-01,1.036,1.245,China
1863-04-01,7.564,1.454,China
1863-05-01,13.049,1.404,China
1863-06-01,17.566,1.446,China
1863-07-01,19.941,1.378,China
1863-08-01,18.234,1.183,China
1863-09-01,13.039,1.101,China
1863-10-01,6.169,1.23,China
1863-11-01,-1.373,1.465,China
1863-12-01,-6.964,1.408,China
1864-01-01,-8.794,1.476,China
1864-02-01,-6.392,1.326,China
1864-03-01,-0.127,1.468,China
1864-04-01,7.104,1.152,China
1864-05-01,12.652,1.163,China
1864-06-01,16.934,1.129,China
1864-07-01,19.699,1.052,China
1864-08-01,17.705,1.092,China
1864-09-01,13.1,1.196,China
1864-10-01,7.118,1.209,China
1864-11-01,-0.643,1.448,China
1864-12-01,-8.738,1.352,China
1865-01-01,-7.802,1.17,China
1865-02-01,-6.568,1.735,China
1865-03-01,-0.359,1.296,China
1865-04-01,7.56,1.85,China
1865-05-01,13.52,1.341,China
1865-06-01,17.707,1.236,China
1865-07-01,19.83,1.25,China
1865-08-01,18.59,1.204,China
1865-09-01,14.169,1.178,China
1865-10-01,7.145,1.095,China
1865-11-01,-1.253,1.553,China
1865-12-01,-7.611,1.733,China
1866-01-01,-7.891,1.319,China
1866-02-01,-5.785,1.293,China
1866-03-01,-0.165,1.345,China
1866-04-01,7.299,1.118,China
1866-05-01,12.911,1.158,China
1866-06-01,17.014,1.031,China
1866-07-01,20.193,1.227,China
1866-08-01,18.815,1.192,China
1866-09-01,13.284,0.998,China
1866-10-01,6.802,1.151,China
1866-11-01,-0.299,1.265,China
1866-12-01,-5.253,1.309,China
1867-01-01,-8.444,1.254,China
1867-02-01,-5.898,1.224,China
1867-03-01,1.292,1.23,China
1867-04-01,8.445,1.476,China
1867-05-01,12.908,1.056,China
1867-06-01,17.372,1.103,China
1867-07-01,20.031,1.381,China
1867-08-01,18.281,1.304,China
1867-09-01,13.721,1.111,China
1867-10-01,7.351,1.127,China
1867-11-01,1.099,1.457,China
1867-12-01,-5.048,1.452,China
1868-01-01,-8.198,1.368,China
1868-02-01,-5.68,1.415,China
1868-03-01,0.01,1.252,China
1868-04-01,8.35,1.102,China
1868-05-01,13.109,1.078,China
1868-06-01,17.187,1.06,China
1868-07-01,20.124,0.965,China
1868-08-01,18.423,1.019,China
1868-09-01,13.857,1.071,China
1868-10-01,7.666,1.022,China
1868-11-01,-1.117,1.1,China
1868-12-01,-6.745,1.341,China
1869-01-01,-8.37,1.264,China
1869-02-01,-3.973,1.321,China
1869-03-01,0.351,1.515,China
1869-04-01,7.372,1.132,China
1869-05-01,13.687,1.177,China
1869-06-01,17.292,1.039,China
1869-07-01,19.913,1.074,China
1869-08-01,18.552,1.129,China
1869-09-01,14.436,1.048,China
1869-10-01,7.543,1.162,China
1869-11-01,-0.901,1.263,China
1869-12-01,-8.312,1.189,China
1870-01-01,-9.641,1.063,China
1870-02-01,-6.546,1.24,China
1870-03-01,0.584,1.204,China
1870-04-01,7.965,1.317,China
1870-05-01,13.918,0.999,China
1870-06-01,17.635,0.976,China
1870-07-01,20.095,0.875,China
1870-08-01,18.414,0.848,China
1870-09-01,14.401,1.09,China
1870-10-01,7.148,1.282,China
1870-11-01,-1.579,1.306,China
1870-12-01,-8.486,0.916,China
1871-01-01,-9.293,1.172,China
1871-02-01,-5.987,1.468,China
1871-03-01,1.072,1.285,China
1871-04-01,7.984,0.84,China
1871-05-01,13.136,1.144,China
1871-06-01,17.713,0.982,China
1871-07-01,20.027,0.882,China
1871-08-01,18.952,0.876,China
1871-09-01,14.271,1.042,China
1871-10-01,7.631,0.925,China
1871-11-01,-1.247,0.914,China
1871-12-01,-7.8,1.076,China
1872-01-01,-10.036,2.014,China
1872-02-01,-6.835,1.196,China
1872-03-01,0.794,0.967,China
1872-04-01,7.373,1.168,China
1872-05-01,13.543,1.023,China
1872-06-01,17.517,1.079,China
1872-07-01,19.949,1.001,China
1872-08-01,18.516,1.067,China
1872-09-01,14.162,0.768,China
1872-10-01,7.071,0.768,China
1872-11-01,-0.615,1.034,China
1872-12-01,-6.003,1.799,China
1873-01-01,-9.928,1.196,China
1873-02-01,-4.767,1.41,China
1873-03-01,0.428,0.928,China
1873-04-01,8.079,1.094,China
1873-05-01,13.334,0.869,China
1873-06-01,17.625,0.949,China
1873-07-01,20.077,0.914,China
1873-08-01,18.263,0.821,China
1873-09-01,14.162,1.006,China
1873-10-01,7.341,0.895,China
1873-11-01,0.166,1.086,China
1873-12-01,-5.722,1,China
1874-01-01,-9.145,1.257,China
1874-02-01,-5.079,1.035,China
1874-03-01,0.097,1.336,China
1874-04-01,8.787,0.877,China
1874-05-01,13.295,1.232,China
1874-06-01,18.275,1.216,China
1874-07-01,19.711,1.232,China
1874-08-01,18.838,0.839,China
1874-09-01,14.78,0.892,China
1874-10-01,7.474,1.288,China
1874-11-01,-0.587,1.01,China
1874-12-01,-6.704,0.992,China
1875-01-01,-9.015,1.162,China
1875-02-01,-5.186,1.522,China
1875-03-01,1.99,1.157,China
1875-04-01,7.669,0.699,China
1875-05-01,13.585,0.735,China
1875-06-01,18.167,1.025,China
1875-07-01,19.962,0.862,China
1875-08-01,18.688,0.815,China
1875-09-01,13.831,0.656,China
1875-10-01,6.766,0.733,China
1875-11-01,-1.415,1.088,China
1875-12-01,-6.982,0.895,China
1876-01-01,-9.259,1.17,China
1876-02-01,-5.356,0.938,China
1876-03-01,0.45,1.5,China
1876-04-01,8.361,1.182,China
1876-05-01,13.31,1.216,China
1876-06-01,17.846,0.742,China
1876-07-01,19.923,0.724,China
1876-08-01,18.849,0.677,China
1876-09-01,13.651,0.814,China
1876-10-01,7.244,0.851,China
1876-11-01,-1.359,0.904,China
1876-12-01,-7.491,1.461,China
1877-01-01,-9.153,1.078,China
1877-02-01,-6.997,1.141,China
1877-03-01,1.12,0.957,China
1877-04-01,7.469,0.85,China
1877-05-01,12.68,0.888,China
1877-06-01,17.904,1.235,China
1877-07-01,19.994,0.662,China
1877-08-01,18.854,0.941,China
1877-09-01,14.362,0.738,China
1877-10-01,6.679,0.978,China
1877-11-01,-0.575,1.311,China
1877-12-01,-8.158,1.588,China
1878-01-01,-10.553,1.502,China
1878-02-01,-5.836,1.126,China
1878-03-01,2.204,0.827,China
1878-04-01,8.318,1.091,China
1878-05-01,12.759,1.057,China
1878-06-01,17.647,1.171,China
1878-07-01,20.269,0.888,China
1878-08-01,18.724,0.941,China
1878-09-01,14.572,0.839,China
1878-10-01,7.13,1.082,China
1878-11-01,-0.52,0.913,China
1878-12-01,-7.741,0.82,China
1879-01-01,-8.815,0.782,China
1879-02-01,-5.047,0.945,China
1879-03-01,0.593,0.738,China
1879-04-01,7.617,0.992,China
1879-05-01,13.431,0.91,China
1879-06-01,18.084,0.832,China
1879-07-01,19.905,0.875,China
1879-08-01,18.66,0.701,China
1879-09-01,14.482,0.753,China
1879-10-01,7.345,1.018,China
1879-11-01,-0.082,0.693,China
1879-12-01,-6.164,0.767,China
1880-01-01,-9.346,0.897,China
1880-02-01,-6.167,1.015,China
1880-03-01,1.964,0.672,China
1880-04-01,7.783,0.703,China
1880-05-01,13.55,0.796,China
1880-06-01,17.505,0.801,China
1880-07-01,18.916,1.155,China
1880-08-01,18.745,0.943,China
1880-09-01,14.028,0.826,China
1880-10-01,7.294,0.962,China
1880-11-01,-0.296,0.955,China
1880-12-01,-7.374,0.735,China
1881-01-01,-8.159,1.062,China
1881-02-01,-5.886,0.954,China
1881-03-01,-0.056,0.925,China
1881-04-01,8.009,0.799,China
1881-05-01,13.217,0.79,China
1881-06-01,17.064,0.871,China
1881-07-01,20.261,0.737,China
1881-08-01,18.616,0.702,China
1881-09-01,14.319,0.714,China
1881-10-01,7.354,0.697,China
1881-11-01,-0.622,0.902,China
1881-12-01,-7.883,1.092,China
1882-01-01,-7.176,1.119,China
1882-02-01,-5.818,1.002,China
1882-03-01,1.061,0.784,China
1882-04-01,8.388,0.669,China
1882-05-01,13.159,0.815,China
1882-06-01,17.641,0.735,China
1882-07-01,19.758,0.647,China
1882-08-01,18.358,0.764,China
1882-09-01,14.123,0.606,China
1882-10-01,7.051,0.711,China
1882-11-01,-1.48,0.938,China
1882-12-01,-8.286,1.018,China
1883-01-01,-9.172,0.654,China
1883-02-01,-7.149,0.971,China
1883-03-01,0.523,1.001,China
1883-04-01,7.111,0.618,China
1883-05-01,12.677,0.812,China
1883-06-01,18.091,0.821,China
1883-07-01,19.658,0.846,China
1883-08-01,18.454,0.69,China
1883-09-01,13.165,0.712,China
1883-10-01,7.541,0.627,China
1883-11-01,-1.904,0.79,China
1883-12-01,-6.672,0.813,China
1884-01-01,-7.871,0.732,China
1884-02-01,-6.472,0.858,China
1884-03-01,-0.351,0.916,China
1884-04-01,7.057,0.735,China
1884-05-01,12.702,0.766,China
1884-06-01,17.049,0.803,China
1884-07-01,19.502,0.675,China
1884-08-01,17.632,0.674,China
1884-09-01,14.342,0.923,China
1884-10-01,6.329,0.851,China
1884-11-01,-2.227,0.901,China
1884-12-01,-8.034,1.08,China
1885-01-01,-9.413,0.784,China
1885-02-01,-8.138,1.164,China
1885-03-01,0.533,1.007,China
1885-04-01,6.997,1.021,China
1885-05-01,12.887,1,China
1885-06-01,17.518,0.978,China
1885-07-01,19.147,0.814,China
1885-08-01,18.688,0.885,China
1885-09-01,13.526,0.842,China
1885-10-01,7.215,0.828,China
1885-11-01,-1.438,0.981,China
1885-12-01,-5.948,1.096,China
1886-01-01,-8.855,0.961,China
1886-02-01,-7.898,1.182,China
1886-03-01,0.712,0.928,China
1886-04-01,7.722,0.712,China
1886-05-01,13.197,0.73,China
1886-06-01,17.469,0.789,China
1886-07-01,19.539,0.697,China
1886-08-01,18.506,0.682,China
1886-09-01,13.815,0.744,China
1886-10-01,7.139,0.763,China
1886-11-01,-1.423,0.83,China
1886-12-01,-6.546,1.108,China
1887-01-01,-11.115,0.911,China
1887-02-01,-6.298,0.962,China
1887-03-01,0.392,0.944,China
1887-04-01,8.191,0.901,China
1887-05-01,13.09,0.753,China
1887-06-01,16.409,0.671,China
1887-07-01,20.295,0.831,China
1887-08-01,18.282,0.827,China
1887-09-01,13.972,0.649,China
1887-10-01,7.592,0.697,China
1887-11-01,0.258,0.764,China
1887-12-01,-6.702,0.712,China
1888-01-01,-8.571,1.146,China
1888-02-01,-7.348,0.831,China
1888-03-01,1.441,0.761,China
1888-04-01,7.248,0.899,China
1888-05-01,13.065,0.797,China
1888-06-01,17.044,0.894,China
1888-07-01,19.909,0.771,China
1888-08-01,18.973,0.682,China
1888-09-01,13.779,0.673,China
1888-10-01,7.002,0.853,China
1888-11-01,-0.504,0.769,China
1888-12-01,-6.001,0.865,China
1889-01-01,-10.173,1.103,China
1889-02-01,-5.748,1.065,China
1889-03-01,1.553,0.744,China
1889-04-01,7.875,0.757,China
1889-05-01,12.847,0.758,China
1889-06-01,18.161,0.583,China
1889-07-01,19.905,0.81,China
1889-08-01,18.73,0.594,China
1889-09-01,13.237,0.61,China
1889-10-01,6.9,0.725,China
1889-11-01,-0.772,0.768,China
1889-12-01,-6.774,1.268,China
1890-01-01,-8.422,0.837,China
1890-02-01,-4.538,1.076,China
1890-03-01,-0.703,0.882,China
1890-04-01,7.512,0.822,China
1890-05-01,13.853,0.942,China
1890-06-01,17.194,0.636,China
1890-07-01,19.638,0.678,China
1890-08-01,18.225,0.696,China
1890-09-01,13.164,0.696,China
1890-10-01,7.183,0.644,China
1890-11-01,0.283,0.936,China
1890-12-01,-5.817,0.912,China
1891-01-01,-8.309,0.711,China
1891-02-01,-6.039,0.785,China
1891-03-01,0.27,0.764,China
1891-04-01,6.766,0.545,China
1891-05-01,13.438,0.76,China
1891-06-01,16.761,0.646,China
1891-07-01,19.545,0.501,China
1891-08-01,18.861,0.596,China
1891-09-01,14.453,0.73,China
1891-10-01,7.665,0.692,China
1891-11-01,-0.851,0.609,China
1891-12-01,-6.248,0.972,China
1892-01-01,-8.484,1.097,China
1892-02-01,-5.962,0.784,China
1892-03-01,-1.473,1.033,China
1892-04-01,7.936,0.823,China
1892-05-01,13.065,0.772,China
1892-06-01,18.099,0.796,China
1892-07-01,19.532,0.631,China
1892-08-01,18.255,0.785,China
1892-09-01,13.861,0.613,China
1892-10-01,7.019,0.612,China
1892-11-01,-1.824,0.769,China
1892-12-01,-7.294,1.104,China
1893-01-01,-10.827,1.21,China
1893-02-01,-8.009,0.607,China
1893-03-01,1.023,0.866,China
1893-04-01,8.472,0.69,China
1893-05-01,12.929,0.646,China
1893-06-01,17.791,0.608,China
1893-07-01,19.555,0.628,China
1893-08-01,18.694,0.554,China
1893-09-01,14.106,0.725,China
1893-10-01,7.073,0.644,China
1893-11-01,-0.64,0.717,China
1893-12-01,-6.867,1.103,China
1894-01-01,-8.959,1.308,China
1894-02-01,-4.674,0.932,China
1894-03-01,1.081,0.905,China
1894-04-01,8.202,0.792,China
1894-05-01,13.228,0.506,China
1894-06-01,17.973,0.561,China
1894-07-01,20.06,0.539,China
1894-08-01,18.361,0.672,China
1894-09-01,14.298,0.654,China
1894-10-01,7.408,0.562,China
1894-11-01,-0.212,0.885,China
1894-12-01,-7.827,0.981,China
1895-01-01,-10.142,0.684,China
1895-02-01,-6.548,0.975,China
1895-03-01,-0.095,0.667,China
1895-04-01,8.813,0.577,China
1895-05-01,13.067,0.572,China
1895-06-01,17.464,0.603,China
1895-07-01,19.119,0.58,China
1895-08-01,18.165,0.655,China
1895-09-01,13.992,0.67,China
1895-10-01,6.607,0.615,China
1895-11-01,-0.721,0.607,China
1895-12-01,-7.291,0.862,China
1896-01-01,-7.815,0.835,China
1896-02-01,-6.232,0.752,China
1896-03-01,-0.343,0.65,China
1896-04-01,7.53,0.697,China
1896-05-01,13.074,0.586,China
1896-06-01,18.297,0.641,China
1896-07-01,20.023,0.54,China
1896-08-01,18.685,0.577,China
1896-09-01,13.86,0.519,China
1896-10-01,6.778,0.723,China
1896-11-01,0.016,0.567,China
1896-12-01,-7.238,0.65,China
1897-01-01,-8.795,0.752,China
1897-02-01,-6.937,0.975,China
1897-03-01,-0.493,0.819,China
1897-04-01,7.646,0.647,China
1897-05-01,12.542,0.742,China
1897-06-01,17.738,0.625,China
1897-07-01,19.861,0.741,China
1897-08-01,18.946,0.513,China
1897-09-01,14.27,0.608,China
1897-10-01,8.172,0.645,China
1897-11-01,-0.322,0.705,China
1897-12-01,-7.891,0.737,China
1898-01-01,-7.523,0.954,China
1898-02-01,-5.371,0.811,China
1898-03-01,-1.147,1.377,China
1898-04-01,7.874,1.011,China
1898-05-01,13.523,0.7,China
1898-06-01,18.073,0.744,China
1898-07-01,19.838,0.817,China
1898-08-01,18.817,0.626,China
1898-09-01,13.783,0.565,China
1898-10-01,7.798,0.505,China
1898-11-01,-0.236,0.541,China
1898-12-01,-6.677,0.85,China
1899-01-01,-8.678,0.702,China
1899-02-01,-4.816,1.194,China
1899-03-01,1.5,0.726,China
1899-04-01,7.555,0.641,China
1899-05-01,13.875,0.604,China
1899-06-01,17.705,0.544,China
1899-07-01,19.912,0.686,China
1899-08-01,18.583,0.61,China
1899-09-01,14.212,0.697,China
1899-10-01,7.02,0.686,China
1899-11-01,-0.675,0.725,China
1899-12-01,-6.952,0.677,China
01/01/1900,-10.736,0.94,China
01/02/1900,-6.315,0.682,China
01/03/1900,0.754,0.623,China
01/04/1900,7.569,0.954,China
01/05/1900,13.47,0.602,China
01/06/1900,17.329,1.117,China
01/07/1900,20.148,0.591,China
01/08/1900,19.413,0.645,China
01/09/1900,14.807,0.623,China
01/10/1900,7.613,0.644,China
01/11/1900,0.102,0.812,China
01/12/1900,-6.824,0.979,China
01/01/1901,-8.24,0.876,China
01/02/1901,-7.192,0.951,China
01/03/1901,1.595,0.857,China
01/04/1901,8.439,0.963,China
01/05/1901,13.284,0.604,China
01/06/1901,17.654,0.668,China
01/07/1901,19.559,0.532,China
01/08/1901,18.968,0.665,China
01/09/1901,14.865,0.725,China
01/10/1901,7.026,0.611,China
01/11/1901,0.112,0.822,China
01/12/1901,-7.62,0.85,China
01/01/1902,-7.272,0.716,China
01/02/1902,-4.991,0.538,China
01/03/1902,2.281,0.71,China
01/04/1902,7.248,0.847,China
01/05/1902,12.631,0.792,China
01/06/1902,17.503,0.841,China
01/07/1902,19.511,0.587,China
01/08/1902,18,0.536,China
01/09/1902,14.386,0.652,China
01/10/1902,7.806,0.856,China
01/11/1902,0.255,0.54,China
01/12/1902,-6.422,0.779,China
01/01/1903,-8.669,0.823,China
01/02/1903,-5.785,1.028,China
01/03/1903,0.529,0.748,China
01/04/1903,7.499,0.553,China
01/05/1903,13.11,0.574,China
01/06/1903,16.949,0.721,China
01/07/1903,19.662,0.676,China
01/08/1903,18.362,0.589,China
01/09/1903,14.092,0.529,China
01/10/1903,6.783,0.603,China
01/11/1903,-1.417,0.566,China
01/12/1903,-7.02,0.557,China
01/01/1904,-8.829,0.781,China
01/02/1904,-4.15,0.683,China
01/03/1904,0.379,0.828,China
01/04/1904,6.837,0.657,China
01/05/1904,12.96,0.583,China
01/06/1904,18.31,0.557,China
01/07/1904,19.355,0.543,China
01/08/1904,18.68,0.536,China
01/09/1904,13.843,0.536,China
01/10/1904,6.648,0.533,China
01/11/1904,-0.908,0.801,China
01/12/1904,-6.915,0.78,China
01/01/1905,-7.172,0.705,China
01/02/1905,-8.323,0.507,China
01/03/1905,-1.501,0.483,China
01/04/1905,5.111,0.49,China
01/05/1905,12.627,0.54,China
01/06/1905,17.504,0.55,China
01/07/1905,19.775,0.504,China
01/08/1905,18.276,0.607,China
01/09/1905,13.608,0.576,China
01/10/1905,6.82,0.514,China
01/11/1905,-0.915,0.584,China
01/12/1905,-6.744,0.523,China
01/01/1906,-9.235,0.794,China
01/02/1906,-6.924,0.865,China
01/03/1906,0.403,0.808,China
01/04/1906,8.062,0.782,China
01/05/1906,13.199,0.647,China
01/06/1906,17.96,0.726,China
01/07/1906,19.817,0.577,China
01/08/1906,18.161,0.546,China
01/09/1906,14.166,0.507,China
01/10/1906,7.127,0.541,China
01/11/1906,-1.935,0.51,China
01/12/1906,-6.139,0.749,China
01/01/1907,-6.766,0.449,China
01/02/1907,-7.227,0.64,China
01/03/1907,-0.429,0.577,China
01/04/1907,7.584,0.491,China
01/05/1907,13.491,0.497,China
01/06/1907,17.424,0.479,China
01/07/1907,18.87,0.613,China
01/08/1907,18.913,0.439,China
01/09/1907,14.074,0.661,China
01/10/1907,7.727,0.529,China
01/11/1907,-1.274,0.529,China
01/12/1907,-6.683,0.5,China
01/01/1908,-8.464,0.489,China
01/02/1908,-6.857,0.526,China
01/03/1908,-0.329,0.478,China
01/04/1908,7.519,0.462,China
01/05/1908,13.499,0.478,China
01/06/1908,17.765,0.469,China
01/07/1908,19.65,0.568,China
01/08/1908,19.093,0.437,China
01/09/1908,13.902,0.553,China
01/10/1908,7.171,0.542,China
01/11/1908,-1.442,0.496,China
01/12/1908,-6.068,0.492,China
01/01/1909,-9.468,0.657,China
01/02/1909,-5.428,0.733,China
01/03/1909,-0.486,0.878,China
01/04/1909,7.984,0.439,China
01/05/1909,13.126,0.585,China
01/06/1909,16.686,0.477,China
01/07/1909,19.727,0.484,China
01/08/1909,19.164,0.517,China
01/09/1909,14.385,0.49,China
01/10/1909,7.091,0.558,China
01/11/1909,0.593,0.628,China
01/12/1909,-6.799,0.62,China
01/01/1910,-8.619,0.463,China
01/02/1910,-6.054,0.515,China
01/03/1910,-0.151,0.462,China
01/04/1910,7.246,0.493,China
01/05/1910,13.442,0.761,China
01/06/1910,17.143,0.422,China
01/07/1910,19.804,0.469,China
01/08/1910,18.681,0.492,China
01/09/1910,13.525,0.47,China
01/10/1910,7.594,0.41,China
01/11/1910,-1.281,0.405,China
01/12/1910,-8.472,0.984,China
01/01/1911,-8.333,0.814,China
01/02/1911,-5.719,0.511,China
01/03/1911,0.286,0.519,China
01/04/1911,8.155,0.448,China
01/05/1911,12.999,0.48,China
01/06/1911,17.243,0.455,China
01/07/1911,19.029,0.634,China
01/08/1911,18.49,0.507,China
01/09/1911,14.483,0.506,China
01/10/1911,7.002,0.528,China
01/11/1911,-0.294,0.446,China
01/12/1911,-7.777,0.934,China
01/01/1912,-8.743,0.527,China
01/02/1912,-3.549,0.665,China
01/03/1912,-0.062,0.795,China
01/04/1912,7.895,0.483,China
01/05/1912,13.475,0.469,China
01/06/1912,17.902,0.445,China
01/07/1912,19.426,0.451,China
01/08/1912,18.226,0.508,China
01/09/1912,12.812,0.52,China
01/10/1912,6.127,0.525,China
01/11/1912,-2.217,0.615,China
01/12/1912,-8.379,0.861,China
01/01/1913,-8.653,0.644,China
01/02/1913,-5.215,0.603,China
01/03/1913,-0.394,0.761,China
01/04/1913,6.985,0.53,China
01/05/1913,12.867,0.532,China
01/06/1913,17.214,0.461,China
01/07/1913,19.351,0.457,China
01/08/1913,18.64,0.436,China
01/09/1913,13.853,0.461,China
01/10/1913,7.649,0.503,China
01/11/1913,-0.802,0.52,China
01/12/1913,-7.834,0.783,China
01/01/1914,-6.149,0.721,China
01/02/1914,-4.145,0.561,China
01/03/1914,1.183,0.491,China
01/04/1914,7.896,0.557,China
01/05/1914,13.288,0.575,China
01/06/1914,18.377,0.49,China
01/07/1914,20.093,0.621,China
01/08/1914,18.438,0.574,China
01/09/1914,14.017,0.578,China
01/10/1914,7.102,0.408,China
01/11/1914,-1.128,0.415,China
01/12/1914,-7.147,0.805,China
01/01/1915,-9.008,0.792,China
01/02/1915,-6.402,0.673,China
01/03/1915,0.122,0.593,China
01/04/1915,7.154,0.508,China
01/05/1915,13.398,0.523,China
01/06/1915,17.269,0.467,China
01/07/1915,19.59,0.483,China
01/08/1915,18.654,0.43,China
01/09/1915,13.782,0.473,China
01/10/1915,7.828,0.534,China
01/11/1915,0.353,0.438,China
01/12/1915,-4.827,0.535,China
01/01/1916,-7.803,0.685,China
01/02/1916,-5.724,0.431,China
01/03/1916,0.146,0.63,China
01/04/1916,7.558,0.47,China
01/05/1916,13.56,0.524,China
01/06/1916,17.574,0.498,China
01/07/1916,19.397,0.564,China
01/08/1916,19.106,0.505,China
01/09/1916,14.152,0.508,China
01/10/1916,7.213,0.443,China
01/11/1916,-0.797,0.724,China
01/12/1916,-8.184,0.637,China
01/01/1917,-10.042,0.653,China
01/02/1917,-5.414,0.735,China
01/03/1917,0.227,0.534,China
01/04/1917,7.013,0.771,China
01/05/1917,13.506,0.522,China
01/06/1917,17.967,0.48,China
01/07/1917,19.603,0.545,China
01/08/1917,19.185,0.409,China
01/09/1917,13.858,0.737,China
01/10/1917,7.224,0.546,China
01/11/1917,-0.666,0.561,China
01/12/1917,-8.524,0.656,China
01/01/1918,-9.134,0.486,China
01/02/1918,-5.197,0.529,China
01/03/1918,1.619,0.618,China
01/04/1918,7.627,0.431,China
01/05/1918,13.504,0.502,China
01/06/1918,17.188,0.603,China
01/07/1918,19.322,0.423,China
01/08/1918,18.358,0.449,China
01/09/1918,14.129,0.422,China
01/10/1918,7.471,0.448,China
01/11/1918,-1.885,0.381,China
01/12/1918,-8.64,0.915,China
01/01/1919,-10.256,0.489,China
01/02/1919,-5.014,0.469,China
01/03/1919,1.531,0.62,China
01/04/1919,8.104,0.493,China
01/05/1919,14.091,0.514,China
01/06/1919,17.819,0.573,China
01/07/1919,20.099,0.447,China
01/08/1919,19.527,0.537,China
01/09/1919,13.638,0.594,China
01/10/1919,7.252,0.507,China
01/11/1919,-0.55,0.529,China
01/12/1919,-6.957,0.476,China
01/01/1920,-7.268,0.724,China
01/02/1920,-7.704,0.629,China
01/03/1920,0.666,0.416,China
01/04/1920,8.146,0.449,China
01/05/1920,13.512,0.61,China
01/06/1920,17.444,0.623,China
01/07/1920,20.549,0.476,China
01/08/1920,18.641,0.433,China
01/09/1920,13.712,0.392,China
01/10/1920,8.341,0.52,China
01/11/1920,0.226,0.507,China
01/12/1920,-7.181,0.675,China
01/01/1921,-8.454,0.783,China
01/02/1921,-4.618,0.501,China
01/03/1921,0.896,0.605,China
01/04/1921,7.64,0.59,China
01/05/1921,13.372,0.467,China
01/06/1921,16.63,0.518,China
01/07/1921,19.659,0.561,China
01/08/1921,18.829,0.544,China
01/09/1921,13.925,0.416,China
01/10/1921,7.046,0.591,China
01/11/1921,-0.679,0.463,China
01/12/1921,-6.237,0.557,China
01/01/1922,-9.853,0.488,China
01/02/1922,-3.897,0.69,China
01/03/1922,1.424,0.607,China
01/04/1922,8.477,0.451,China
01/05/1922,13.309,0.424,China
01/06/1922,17.783,0.442,China
01/07/1922,20.102,0.464,China
01/08/1922,18.868,0.483,China
01/09/1922,14.1,0.424,China
01/10/1922,7.642,0.407,China
01/11/1922,-0.971,0.435,China
01/12/1922,-6.856,0.762,China
01/01/1923,-8.911,0.552,China
01/02/1923,-6.415,0.569,China
01/03/1923,2.184,0.462,China
01/04/1923,8.076,0.467,China
01/05/1923,13.677,0.479,China
01/06/1923,17.47,0.39,China
01/07/1923,19.281,0.377,China
01/08/1923,19.444,0.431,China
01/09/1923,13.681,0.362,China
01/10/1923,6.973,0.431,China
01/11/1923,-0.134,0.48,China
01/12/1923,-6.562,0.505,China
01/01/1924,-8.03,0.5,China
01/02/1924,-5.92,0.668,China
01/03/1924,0.291,0.706,China
01/04/1924,8.389,0.391,China
01/05/1924,13.269,0.448,China
01/06/1924,17.848,0.521,China
01/07/1924,20.093,0.364,China
01/08/1924,19.269,0.491,China
01/09/1924,14.234,0.417,China
01/10/1924,7.383,0.555,China
01/11/1924,-0.401,0.521,China
01/12/1924,-5.974,0.504,China
01/01/1925,-8.949,0.655,China
01/02/1925,-6.848,0.489,China
01/03/1925,0.799,0.638,China
01/04/1925,7.257,0.342,China
01/05/1925,13.241,0.328,China
01/06/1925,17.974,0.47,China
01/07/1925,19.945,0.315,China
01/08/1925,18.55,0.429,China
01/09/1925,14.164,0.452,China
01/10/1925,8.031,0.405,China
01/11/1925,0.419,0.556,China
01/12/1925,-5.915,0.685,China
01/01/1926,-7.721,0.467,China
01/02/1926,-4.66,0.473,China
01/03/1926,1.619,0.51,China
01/04/1926,7.744,0.407,China
01/05/1926,13.878,0.484,China
01/06/1926,17.496,0.478,China
01/07/1926,19.828,0.378,China
01/08/1926,19.135,0.504,China
01/09/1926,14.855,0.351,China
01/10/1926,6.989,0.478,China
01/11/1926,-0.555,0.346,China
01/12/1926,-7.559,0.769,China
01/01/1927,-8.423,0.682,China
01/02/1927,-6.351,0.434,China
01/03/1927,-0.263,0.393,China
01/04/1927,7.945,0.411,China
01/05/1927,13.077,0.384,China
01/06/1927,17.333,0.533,China
01/07/1927,20.607,0.388,China
01/08/1927,19.041,0.412,China
01/09/1927,14.155,0.357,China
01/10/1927,7.8,0.538,China
01/11/1927,0.942,0.586,China
01/12/1927,-5.85,0.447,China
01/01/1928,-7.904,0.441,China
01/02/1928,-5.118,0.583,China
01/03/1928,1.553,0.561,China
01/04/1928,8.854,0.349,China
01/05/1928,14.373,0.408,China
01/06/1928,17.789,0.403,China
01/07/1928,20.194,0.409,China
01/08/1928,18.556,0.477,China
01/09/1928,14.083,0.374,China
01/10/1928,7.261,0.39,China
01/11/1928,-0.571,0.61,China
01/12/1928,-7.774,0.682,China
01/01/1929,-9.204,0.452,China
01/02/1929,-5.986,0.658,China
01/03/1929,2.145,0.492,China
01/04/1929,8.781,0.54,China
01/05/1929,13.819,0.405,China
01/06/1929,17.768,0.352,China
01/07/1929,19.765,0.387,China
01/08/1929,18.695,0.305,China
01/09/1929,13.986,0.402,China
01/10/1929,6.782,0.462,China
01/11/1929,-0.673,0.498,China
01/12/1929,-8.789,0.625,China
01/01/1930,-11.212,0.646,China
01/02/1930,-4.383,0.39,China
01/03/1930,1.327,0.529,China
01/04/1930,7.948,0.486,China
01/05/1930,14.013,0.392,China
01/06/1930,17.159,0.429,China
01/07/1930,20.787,0.397,China
01/08/1930,18.856,0.363,China
01/09/1930,13.574,0.325,China
01/10/1930,7.153,0.381,China
01/11/1930,-0.79,0.512,China
01/12/1930,-6.808,0.413,China
01/01/1931,-8.916,0.593,China
01/02/1931,-7.904,0.574,China
01/03/1931,1.472,0.605,China
01/04/1931,7.714,0.394,China
01/05/1931,12.844,0.45,China
01/06/1931,17.686,0.361,China
01/07/1931,18.88,0.367,China
01/08/1931,19.32,0.414,China
01/09/1931,14.162,0.397,China
01/10/1931,7.998,0.388,China
01/11/1931,-0.164,0.364,China
01/12/1931,-6.562,0.503,China
01/01/1932,-6.706,0.609,China
01/02/1932,-6.619,0.539,China
01/03/1932,1.396,0.561,China
01/04/1932,8.565,0.63,China
01/05/1932,13.534,0.632,China
01/06/1932,17.934,0.804,China
01/07/1932,20.464,0.501,China
01/08/1932,18.434,0.334,China
01/09/1932,14.26,0.424,China
01/10/1932,7.426,0.495,China
01/11/1932,0.768,0.37,China
01/12/1932,-6.589,0.532,China
01/01/1933,-10.679,0.698,China
01/02/1933,-5.352,0.498,China
01/03/1933,0.464,0.487,China
01/04/1933,7.91,0.422,China
01/05/1933,13.794,0.336,China
01/06/1933,17.993,0.481,China
01/07/1933,20.081,0.406,China
01/08/1933,19.329,0.284,China
01/09/1933,14.603,0.288,China
01/10/1933,6.769,0.284,China
01/11/1933,-0.042,0.374,China
01/12/1933,-5.311,0.619,China
01/01/1934,-9.997,0.584,China
01/02/1934,-4.671,0.589,China
01/03/1934,0.266,0.398,China
01/04/1934,6.631,0.328,China
01/05/1934,14.137,0.296,China
01/06/1934,17.449,0.456,China
01/07/1934,19.895,0.372,China
01/08/1934,18.514,0.299,China
01/09/1934,14.208,0.342,China
01/10/1934,6.385,0.443,China
01/11/1934,-1.262,0.34,China
01/12/1934,-5.201,0.431,China
01/01/1935,-8.711,0.452,China
01/02/1935,-3.698,0.311,China
01/03/1935,2.685,0.346,China
01/04/1935,7.204,0.38,China
01/05/1935,13.437,0.267,China
01/06/1935,17.756,0.348,China
01/07/1935,19.826,0.239,China
01/08/1935,19.105,0.381,China
01/09/1935,14.402,0.267,China
01/10/1935,8.813,0.258,China
01/11/1935,-1.258,0.261,China
01/12/1935,-9.927,0.481,China
01/01/1936,-10.599,0.399,China
01/02/1936,-6.616,0.276,China
01/03/1936,-1.144,0.344,China
01/04/1936,7.226,0.266,China
01/05/1936,13.057,0.315,China
01/06/1936,17.624,0.248,China
01/07/1936,19.71,0.349,China
01/08/1936,18.393,0.374,China
01/09/1936,14.458,0.312,China
01/10/1936,8.256,0.319,China
01/11/1936,0.29,0.297,China
01/12/1936,-7.316,0.385,China
01/01/1937,-9.124,0.328,China
01/02/1937,-4.551,0.323,China
01/03/1937,0.244,0.27,China
01/04/1937,7.808,0.331,China
01/05/1937,13.759,0.298,China
01/06/1937,17.45,0.288,China
01/07/1937,19.828,0.358,China
01/08/1937,19.029,0.257,China
01/09/1937,14.387,0.216,China
01/10/1937,7.895,0.225,China
01/11/1937,-1.683,0.34,China
01/12/1937,-6.909,0.404,China
01/01/1938,-9.209,0.368,China
01/02/1938,-5.834,0.448,China
01/03/1938,1.41,0.369,China
01/04/1938,9.415,0.293,China
01/05/1938,14.234,0.292,China
01/06/1938,17.262,0.266,China
01/07/1938,20.398,0.339,China
01/08/1938,19.009,0.269,China
01/09/1938,13.894,0.196,China
01/10/1938,8.357,0.33,China
01/11/1938,0.172,0.246,China
01/12/1938,-6.647,0.278,China
01/01/1939,-8.136,0.353,China
01/02/1939,-4.354,0.309,China
01/03/1939,1.099,0.26,China
01/04/1939,7.363,0.333,China
01/05/1939,14.249,0.211,China
01/06/1939,17.512,0.249,China
01/07/1939,20.451,0.256,China
01/08/1939,19.783,0.283,China
01/09/1939,14.397,0.209,China
01/10/1939,8.004,0.289,China
01/11/1939,-0.304,0.286,China
01/12/1939,-5.746,0.425,China
01/01/1940,-7.518,0.34,China
01/02/1940,-4.783,0.415,China
01/03/1940,1.281,0.231,China
01/04/1940,7.694,0.285,China
01/05/1940,13.542,0.225,China
01/06/1940,17.885,0.237,China
01/07/1940,20.116,0.226,China
01/08/1940,17.918,0.239,China
01/09/1940,13.916,0.253,China
01/10/1940,8.524,0.252,China
01/11/1940,-0.284,0.263,China
01/12/1940,-4.751,0.272,China
01/01/1941,-7.244,0.276,China
01/02/1941,-4.627,0.308,China
01/03/1941,1.764,0.309,China
01/04/1941,8.777,0.246,China
01/05/1941,13.882,0.288,China
01/06/1941,18.472,0.262,China
01/07/1941,20.174,0.195,China
01/08/1941,19.122,0.244,China
01/09/1941,14.074,0.235,China
01/10/1941,8.456,0.318,China
01/11/1941,0.47,0.305,China
01/12/1941,-5.174,0.239,China
01/01/1942,-7.598,0.217,China
01/02/1942,-6.767,0.475,China
01/03/1942,3.353,0.322,China
01/04/1942,8.303,0.23,China
01/05/1942,13.367,0.35,China
01/06/1942,18.41,0.308,China
01/07/1942,20.325,0.253,China
01/08/1942,18.908,0.21,China
01/09/1942,14.416,0.233,China
01/10/1942,8.224,0.217,China
01/11/1942,0.837,0.309,China
01/12/1942,-6.626,0.317,China
01/01/1943,-8.653,0.578,China
01/02/1943,-4.933,0.352,China
01/03/1943,2.018,0.327,China
01/04/1943,7.749,0.325,China
01/05/1943,14.42,0.366,China
01/06/1943,17.744,0.282,China
01/07/1943,20.491,0.337,China
01/08/1943,19.373,0.213,China
01/09/1943,14.64,0.225,China
01/10/1943,7.862,0.255,China
01/11/1943,-0.283,0.279,China
01/12/1943,-5.817,0.346,China
01/01/1944,-8.462,0.308,China
01/02/1944,-5.74,0.221,China
01/03/1944,2.223,0.369,China
01/04/1944,7.63,0.282,China
01/05/1944,13.658,0.255,China
01/06/1944,18.039,0.251,China
01/07/1944,20.791,0.255,China
01/08/1944,19.035,0.287,China
01/09/1944,14.52,0.21,China
01/10/1944,7.378,0.235,China
01/11/1944,-0.618,0.274,China
01/12/1944,-10.088,0.568,China
01/01/1945,-9.896,0.61,China
01/02/1945,-8.142,0.433,China
01/03/1945,0.587,0.258,China
01/04/1945,9.384,0.33,China
01/05/1945,13.944,0.284,China
01/06/1945,18.529,0.252,China
01/07/1945,19.952,0.269,China
01/08/1945,19.234,0.203,China
01/09/1945,15.086,0.213,China
01/10/1945,8.052,0.275,China
01/11/1945,1.697,0.241,China
01/12/1945,-6.361,0.292,China
01/01/1946,-6.569,0.256,China
01/02/1946,-2.75,0.244,China
01/03/1946,-0.024,0.266,China
01/04/1946,9.917,0.273,China
01/05/1946,13.35,0.184,China
01/06/1946,18.286,0.294,China
01/07/1946,20.054,0.215,China
01/08/1946,19.549,0.259,China
01/09/1946,14.658,0.203,China
01/10/1946,8.532,0.265,China
01/11/1946,0.62,0.307,China
01/12/1946,-7.374,0.231,China
01/01/1947,-8.42,0.312,China
01/02/1947,-6.066,0.32,China
01/03/1947,1.512,0.302,China
01/04/1947,8.977,0.312,China
01/05/1947,14.33,0.262,China
01/06/1947,17.732,0.223,China
01/07/1947,20.051,0.282,China
01/08/1947,18.785,0.218,China
01/09/1947,14.768,0.247,China
01/10/1947,6.991,0.207,China
01/11/1947,0.354,0.398,China
01/12/1947,-7.728,0.426,China
01/01/1948,-7.773,0.357,China
01/02/1948,-4.897,0.309,China
01/03/1948,2.023,0.215,China
01/04/1948,9.588,0.245,China
01/05/1948,12.819,0.216,China
01/06/1948,18.065,0.252,China
01/07/1948,19.929,0.304,China
01/08/1948,19.308,0.185,China
01/09/1948,14.738,0.2,China
01/10/1948,7.355,0.279,China
01/11/1948,-0.831,0.251,China
01/12/1948,-5.12,0.302,China
01/01/1949,-7.067,0.338,China
01/02/1949,-3.489,0.221,China
01/03/1949,0.993,0.301,China
01/04/1949,8.17,0.296,China
01/05/1949,14.201,0.204,China
01/06/1949,17.737,0.222,China
01/07/1949,19.716,0.257,China
01/08/1949,18.9,0.456,China
01/09/1949,14.542,0.235,China
01/10/1949,8.32,0.231,China
01/11/1949,-0.606,0.271,China
01/12/1949,-7.711,0.331,China
01/01/1950,-6.117,0.246,China
01/02/1950,-6.093,0.333,China
01/03/1950,1.869,0.256,China
01/04/1950,7.691,0.251,China
01/05/1950,14.25,0.221,China
01/06/1950,17.359,0.193,China
01/07/1950,20.264,0.226,China
01/08/1950,18.873,0.328,China
01/09/1950,13.893,0.2,China
01/10/1950,7.168,0.211,China
01/11/1950,-1.415,0.287,China
01/12/1950,-8.048,0.212,China
01/01/1951,-9.12,0.34,China
01/02/1951,-5.512,0.528,China
01/03/1951,-0.181,0.284,China
01/04/1951,6.304,0.32,China
01/05/1951,14.525,0.303,China
01/06/1951,18.068,0.455,China
01/07/1951,19.721,0.255,China
01/08/1951,19.706,0.222,China
01/09/1951,14.042,0.393,China
01/10/1951,9.034,0.286,China
01/11/1951,0.296,0.35,China
01/12/1951,-4.449,0.233,China
01/01/1952,-7.257,0.399,China
01/02/1952,-5.923,0.428,China
01/03/1952,0.9,0.329,China
01/04/1952,8.905,0.25,China
01/05/1952,13.929,0.214,China
01/06/1952,18.034,0.209,China
01/07/1952,20.156,0.183,China
01/08/1952,18.434,0.16,China
01/09/1952,14.547,0.171,China
01/10/1952,6.807,0.283,China
01/11/1952,-0.399,0.365,China
01/12/1952,-8.442,0.303,China
01/01/1953,-8.853,0.199,China
01/02/1953,-4.564,0.276,China
01/03/1953,2.572,0.175,China
01/04/1953,7.168,0.183,China
01/05/1953,14.025,0.263,China
01/06/1953,18.197,0.254,China
01/07/1953,20.385,0.176,China
01/08/1953,19.501,0.197,China
01/09/1953,14.37,0.202,China
01/10/1953,8.093,0.181,China
01/11/1953,-0.252,0.189,China
01/12/1953,-6.374,0.256,China
01/01/1954,-8.432,0.245,China
01/02/1954,-4.483,0.278,China
01/03/1954,0.216,0.334,China
01/04/1954,8.602,0.194,China
01/05/1954,12.817,0.153,China
01/06/1954,17.164,0.257,China
01/07/1954,19.25,0.165,China
01/08/1954,18.871,0.15,China
01/09/1954,14.657,0.215,China
01/10/1954,6.942,0.168,China
01/11/1954,0.757,0.181,China
01/12/1954,-9.909,0.244,China
01/01/1955,-10.274,0.127,China
01/02/1955,-4.703,0.268,China
01/03/1955,0.753,0.17,China
01/04/1955,6.89,0.158,China
01/05/1955,13.527,0.282,China
01/06/1955,17.75,0.23,China
01/07/1955,19.714,0.172,China
01/08/1955,19.212,0.274,China
01/09/1955,14.893,0.165,China
01/10/1955,7.386,0.174,China
01/11/1955,-0.278,0.222,China
01/12/1955,-4.45,0.177,China
01/01/1956,-9.78,0.283,China
01/02/1956,-5.473,0.235,China
01/03/1956,0.862,0.18,China
01/04/1956,8.669,0.205,China
01/05/1956,13.384,0.267,China
01/06/1956,17.459,0.177,China
01/07/1956,19.755,0.176,China
01/08/1956,18.358,0.231,China
01/09/1956,14.62,0.148,China
01/10/1956,7.268,0.164,China
01/11/1956,-1.455,0.278,China
01/12/1956,-8.075,0.297,China
01/01/1957,-8.323,0.336,China
01/02/1957,-7.949,0.318,China
01/03/1957,0.514,0.248,China
01/04/1957,7.858,0.358,China
01/05/1957,12.632,0.158,China
01/06/1957,17.346,0.409,China
01/07/1957,19.555,0.409,China
01/08/1957,18.59,0.691,China
01/09/1957,13.46,0.408,China
01/10/1957,6.93,0.354,China
01/11/1957,1.16,0.24,China
01/12/1957,-5.117,0.244,China
01/01/1958,-8.452,0.238,China
01/02/1958,-5.128,0.325,China
01/03/1958,2.032,0.126,China
01/04/1958,9.056,0.259,China
01/05/1958,13.159,0.241,China
01/06/1958,17.831,0.373,China
01/07/1958,20.317,0.341,China
01/08/1958,17.973,0.21,China
01/09/1958,14.631,0.211,China
01/10/1958,7.068,0.207,China
01/11/1958,0.285,0.15,China
01/12/1958,-4.369,0.25,China
01/01/1959,-8.35,0.333,China
01/02/1959,-4.564,0.222,China
01/03/1959,2.365,0.304,China
01/04/1959,9.035,0.265,China
01/05/1959,12.829,0.095,China
01/06/1959,17.405,0.21,China
01/07/1959,20.148,0.242,China
01/08/1959,19.289,0.168,China
01/09/1959,14.604,0.271,China
01/10/1959,8.578,0.297,China
01/11/1959,-0.717,0.189,China
01/12/1959,-6.146,0.198,China
01/01/1960,-8.563,0.247,China
01/02/1960,-2.462,0.342,China
01/03/1960,2.266,0.153,China
01/04/1960,7.19,0.185,China
01/05/1960,12.886,0.295,China
01/06/1960,17.832,0.259,China
01/07/1960,19.855,0.188,China
01/08/1960,18.978,0.287,China
01/09/1960,14.837,0.136,China
01/10/1960,7.097,0.176,China
01/11/1960,-0.477,0.304,China
01/12/1960,-6.748,0.199,China
01/01/1961,-8.349,0.233,China
01/02/1961,-4.895,0.131,China
01/03/1961,1.6,0.199,China
01/04/1961,9.069,0.297,China
01/05/1961,13.533,0.22,China
01/06/1961,18.469,0.309,China
01/07/1961,20.397,0.204,China
01/08/1961,18.952,0.12,China
01/09/1961,14.515,0.127,China
01/10/1961,7.635,0.289,China
01/11/1961,0.447,0.148,China
01/12/1961,-6.766,0.267,China
01/01/1962,-8.839,0.254,China
01/02/1962,-4.235,0.224,China
01/03/1962,0.801,0.248,China
01/04/1962,7.531,0.254,China
01/05/1962,13.643,0.187,China
01/06/1962,17.559,0.562,China
01/07/1962,20.079,0.265,China
01/08/1962,18.881,0.22,China
01/09/1962,14.577,0.273,China
01/10/1962,7.512,0.378,China
01/11/1962,-1.171,0.185,China
01/12/1962,-5.894,0.279,China
01/01/1963,-8.968,0.218,China
01/02/1963,-4.502,0.167,China
01/03/1963,2.739,0.119,China
01/04/1963,7.657,0.24,China
01/05/1963,14.306,0.322,China
01/06/1963,17.699,0.21,China
01/07/1963,19.828,0.295,China
01/08/1963,19.229,0.153,China
01/09/1963,14.87,0.274,China
01/10/1963,7.389,0.147,China
01/11/1963,0.483,0.205,China
01/12/1963,-6.1,0.18,China
01/01/1964,-8.017,0.16,China
01/02/1964,-7.904,0.278,China
01/03/1964,1.916,0.135,China
01/04/1964,9.384,0.193,China
01/05/1964,13.605,0.208,China
01/06/1964,17.278,0.319,China
01/07/1964,19.624,0.212,China
01/08/1964,19.021,0.225,China
01/09/1964,14.307,0.146,China
01/10/1964,7.822,0.277,China
01/11/1964,0.245,0.175,China
01/12/1964,-6.328,0.179,China
01/01/1965,-6.921,0.187,China
01/02/1965,-4.807,0.115,China
01/03/1965,0.656,0.29,China
01/04/1965,7.897,0.13,China
01/05/1965,13.958,0.307,China
01/06/1965,17.677,0.463,China
01/07/1965,19.55,0.3,China
01/08/1965,18.254,0.114,China
01/09/1965,14.03,0.174,China
01/10/1965,8.167,0.228,China
01/11/1965,0.431,0.264,China
01/12/1965,-7.293,0.307,China
01/01/1966,-7.3,0.194,China
01/02/1966,-3.013,0.124,China
01/03/1966,2.238,0.221,China
01/04/1966,7.744,0.148,China
01/05/1966,13.51,0.183,China
01/06/1966,17.758,0.161,China
01/07/1966,19.673,0.198,China
01/08/1966,19.415,0.192,China
01/09/1966,13.825,0.264,China
01/10/1966,7.533,0.2,China
01/11/1966,-0.34,0.154,China
01/12/1966,-7.499,0.169,China
01/01/1967,-8.972,0.176,China
01/02/1967,-5.767,0.203,China
01/03/1967,1.469,0.235,China
01/04/1967,7.868,0.121,China
01/05/1967,14.741,0.259,China
01/06/1967,17.634,0.171,China
01/07/1967,19.888,0.365,China
01/08/1967,19.27,0.283,China
01/09/1967,13.86,0.244,China
01/10/1967,7.37,0.137,China
01/11/1967,-2.015,0.099,China
01/12/1967,-8.515,0.191,China
01/01/1968,-8.414,0.178,China
01/02/1968,-7.573,0.193,China
01/03/1968,2.323,0.138,China
01/04/1968,7.954,0.17,China
01/05/1968,13.703,0.111,China
01/06/1968,17.737,0.303,China
01/07/1968,19.733,0.21,China
01/08/1968,18.171,0.192,China
01/09/1968,14.037,0.166,China
01/10/1968,6.864,0.182,China
01/11/1968,0.766,0.133,China
01/12/1968,-4.577,0.19,China
01/01/1969,-9.202,0.195,China
01/02/1969,-7.561,0.187,China
01/03/1969,1.606,0.116,China
01/04/1969,8.244,0.208,China
01/05/1969,14.48,0.164,China
01/06/1969,17.135,0.233,China
01/07/1969,19.662,0.207,China
01/08/1969,18.49,0.251,China
01/09/1969,14.071,0.154,China
01/10/1969,8.094,0.135,China
01/11/1969,-0.864,0.2,China
01/12/1969,-6.683,0.238,China
01/01/1970,-8.788,0.225,China
01/02/1970,-4.446,0.151,China
01/03/1970,-1.251,0.205,China
01/04/1970,7.751,0.234,China
01/05/1970,14.01,0.224,China
01/06/1970,17.249,0.287,China
01/07/1970,19.75,0.181,China
01/08/1970,19.151,0.158,China
01/09/1970,14.111,0.134,China
01/10/1970,7.471,0.18,China
01/11/1970,-0.305,0.124,China
01/12/1970,-5.885,0.187,China
01/01/1971,-8.172,0.161,China
01/02/1971,-5.394,0.206,China
01/03/1971,1,0.119,China
01/04/1971,8.563,0.146,China
01/05/1971,13.427,0.181,China
01/06/1971,17.662,0.195,China
01/07/1971,19.984,0.189,China
01/08/1971,18.613,0.196,China
01/09/1971,13.982,0.183,China
01/10/1971,7.36,0.209,China
01/11/1971,0.791,0.178,China
01/12/1971,-5.661,0.148,China
01/01/1972,-6.804,0.18,China
01/02/1972,-7.086,0.157,China
01/03/1972,2.618,0.114,China
01/04/1972,7.711,0.214,China
01/05/1972,14.191,0.092,China
01/06/1972,17.999,0.23,China
01/07/1972,19.64,0.235,China
01/08/1972,18.843,0.18,China
01/09/1972,13.556,0.17,China
01/10/1972,7.166,0.223,China
01/11/1972,-0.065,0.096,China
01/12/1972,-5.996,0.197,China
01/01/1973,-7.275,0.268,China
01/02/1973,-3.439,0.229,China
01/03/1973,2.126,0.268,China
01/04/1973,9.17,0.18,China
01/05/1973,13.396,0.261,China
01/06/1973,17.494,0.092,China
01/07/1973,19.847,0.174,China
01/08/1973,19.015,0.237,China
01/09/1973,14.596,0.086,China
01/10/1973,7.094,0.218,China
01/11/1973,0.602,0.115,China
01/12/1973,-6.111,0.166,China
01/01/1974,-7.959,0.216,China
01/02/1974,-5.948,0.255,China
01/03/1974,0.697,0.19,China
01/04/1974,9.165,0.133,China
01/05/1974,14.196,0.186,China
01/06/1974,17.379,0.131,China
01/07/1974,19.836,0.105,China
01/08/1974,18.471,0.252,China
01/09/1974,14.154,0.191,China
01/10/1974,7.342,0.114,China
01/11/1974,0.677,0.364,China
01/12/1974,-8.097,0.285,China
01/01/1975,-7.322,0.19,China
01/02/1975,-4.449,0.231,China
01/03/1975,2.347,0.083,China
01/04/1975,8.591,0.143,China
01/05/1975,12.962,0.165,China
01/06/1975,17.979,0.206,China
01/07/1975,19.634,0.285,China
01/08/1975,19.397,0.416,China
01/09/1975,15.296,0.218,China
01/10/1975,8.464,0.185,China
01/11/1975,0.118,0.128,China
01/12/1975,-7.806,0.182,China
01/01/1976,-7.523,0.199,China
01/02/1976,-3.142,0.112,China
01/03/1976,0.416,0.177,China
01/04/1976,7.423,0.151,China
01/05/1976,13.68,0.319,China
01/06/1976,16.916,0.218,China
01/07/1976,18.9,0.316,China
01/08/1976,17.986,0.187,China
01/09/1976,14.043,0.255,China
01/10/1976,7.582,0.265,China
01/11/1976,-1.744,0.09,China
01/12/1976,-6.883,0.085,China
01/01/1977,-10.341,0.164,China
01/02/1977,-5.954,0.214,China
01/03/1977,2.237,0.191,China
01/04/1977,8.407,0.119,China
01/05/1977,13.219,0.223,China
01/06/1977,17.498,0.188,China
01/07/1977,19.908,0.224,China
01/08/1977,18.835,0.224,China
01/09/1977,14.858,0.209,China
01/10/1977,8.392,0.134,China
01/11/1977,0.356,0.113,China
01/12/1977,-5.199,0.232,China
01/01/1978,-9.151,0.303,China
01/02/1978,-6.114,0.285,China
01/03/1978,1.244,0.171,China
01/04/1978,8.994,0.243,China
01/05/1978,14.237,0.13,China
01/06/1978,18.267,0.181,China
01/07/1978,20.09,0.259,China
01/08/1978,19.09,0.232,China
01/09/1978,14.464,0.094,China
01/10/1978,7.537,0.145,China
01/11/1978,0.681,0.219,China
01/12/1978,-4.761,0.298,China
01/01/1979,-6.856,0.195,China
01/02/1979,-3.212,0.184,China
01/03/1979,0.908,0.189,China
01/04/1979,8.015,0.225,China
01/05/1979,13.545,0.198,China
01/06/1979,17.922,0.135,China
01/07/1979,19.263,0.13,China
01/08/1979,18.727,0.271,China
01/09/1979,13.53,0.087,China
01/10/1979,8.407,0.134,China
01/11/1979,-0.684,0.124,China
01/12/1979,-4.676,0.155,China
01/01/1980,-8.221,0.106,China
01/02/1980,-5.497,0.104,China
01/03/1980,0.813,0.156,China
01/04/1980,7.686,0.144,China
01/05/1980,14.046,0.118,China
01/06/1980,18.004,0.216,China
01/07/1980,19.859,0.22,China
01/08/1980,18.479,0.191,China
01/09/1980,13.959,0.106,China
01/10/1980,7.595,0.111,China
01/11/1980,2.37,0.143,China
01/12/1980,-5.692,0.112,China
01/01/1981,-8.201,0.17,China
01/02/1981,-4.395,0.157,China
01/03/1981,2.688,0.125,China
01/04/1981,9.319,0.19,China
01/05/1981,13.85,0.179,China
01/06/1981,18.201,0.281,China
01/07/1981,20.424,0.245,China
01/08/1981,18.855,0.169,China
01/09/1981,14.175,0.179,China
01/10/1981,6.412,0.24,China
01/11/1981,-1.55,0.169,China
01/12/1981,-6.661,0.197,China
01/01/1982,-6.397,0.101,China
01/02/1982,-4.266,0.1,China
01/03/1982,1.925,0.227,China
01/04/1982,8.089,0.139,China
01/05/1982,13.996,0.23,China
01/06/1982,17.438,0.256,China
01/07/1982,19.73,0.207,China
01/08/1982,18.984,0.083,China
01/09/1982,13.864,0.156,China
01/10/1982,8.77,0.098,China
01/11/1982,0.195,0.248,China
01/12/1982,-6.531,0.256,China
01/01/1983,-7.974,0.193,China
01/02/1983,-5.797,0.201,China
01/03/1983,1.212,0.14,China
01/04/1983,7.824,0.121,China
01/05/1983,14.105,0.204,China
01/06/1983,17.169,0.27,China
01/07/1983,19.43,0.17,China
01/08/1983,18.998,0.114,China
01/09/1983,15.117,0.165,China
01/10/1983,8.061,0.177,China
01/11/1983,0.941,0.196,China
01/12/1983,-5.985,0.275,China
01/01/1984,-9.268,0.176,China
01/02/1984,-6.35,0.168,China
01/03/1984,1.17,0.207,China
01/04/1984,8.207,0.079,China
01/05/1984,14.037,0.124,China
01/06/1984,17.853,0.156,China
01/07/1984,19.367,0.239,China
01/08/1984,18.767,0.226,China
01/09/1984,13.812,0.167,China
01/10/1984,7.451,0.145,China
01/11/1984,0.709,0.201,China
01/12/1984,-7.54,0.223,China
01/01/1985,-8.546,0.159,China
01/02/1985,-4.803,0.137,China
01/03/1985,0.152,0.121,China
01/04/1985,8.886,0.237,China
01/05/1985,14.114,0.218,China
01/06/1985,17.568,0.315,China
01/07/1985,19.529,0.177,China
01/08/1985,19.376,0.16,China
01/09/1985,13.594,0.242,China
01/10/1985,8.09,0.134,China
01/11/1985,-0.329,0.147,China
01/12/1985,-6.748,0.327,China
01/01/1986,-7.405,0.312,China
01/02/1986,-5.024,0.238,China
01/03/1986,1.404,0.245,China
01/04/1986,7.735,0.17,China
01/05/1986,14.264,0.137,China
01/06/1986,18.049,0.164,China
01/07/1986,19.758,0.141,China
01/08/1986,18.668,0.213,China
01/09/1986,14.067,0.204,China
01/10/1986,6.862,0.131,China
01/11/1986,-0.455,0.154,China
01/12/1986,-5.481,0.126,China
01/01/1987,-6.791,0.212,China
01/02/1987,-2.923,0.126,China
01/03/1987,1.449,0.136,China
01/04/1987,8.481,0.123,China
01/05/1987,13.445,0.147,China
01/06/1987,17.415,0.175,China
01/07/1987,19.76,0.134,China
01/08/1987,18.848,0.221,China
01/09/1987,14.575,0.196,China
01/10/1987,7.842,0.134,China
01/11/1987,0.125,0.162,China
01/12/1987,-5.238,0.139,China
01/01/1988,-6.62,0.235,China
01/02/1988,-5.389,0.197,China
01/03/1988,-0.019,0.146,China
01/04/1988,8.287,0.154,China
01/05/1988,13.628,0.159,China
01/06/1988,18.345,0.221,China
01/07/1988,20.304,0.147,China
01/08/1988,18.9,0.179,China
01/09/1988,14.684,0.172,China
01/10/1988,8.116,0.186,China
01/11/1988,0.912,0.167,China
01/12/1988,-4.498,0.144,China
01/01/1989,-7.394,0.246,China
01/02/1989,-4.452,0.095,China
01/03/1989,1.814,0.214,China
01/04/1989,8.282,0.232,China
01/05/1989,14.05,0.184,China
01/06/1989,17.467,0.176,China
01/07/1989,19.579,0.231,China
01/08/1989,18.744,0.311,China
01/09/1989,14.648,0.247,China
01/10/1989,8.564,0.19,China
01/11/1989,0.062,0.138,China
01/12/1989,-4.487,0.174,China
01/01/1990,-7.151,0.155,China
01/02/1990,-3.761,0.129,China
01/03/1990,2.889,0.199,China
01/04/1990,7.676,0.111,China
01/05/1990,13.765,0.194,China
01/06/1990,18.192,0.228,China
01/07/1990,19.863,0.209,China
01/08/1990,19.25,0.19,China
01/09/1990,14.892,0.193,China
01/10/1990,8.579,0.221,China
01/11/1990,2.103,0.258,China
01/12/1990,-4.665,0.127,China
01/01/1991,-7.525,0.192,China
01/02/1991,-3.925,0.109,China
01/03/1991,1.581,0.196,China
01/04/1991,8.078,0.102,China
01/05/1991,13.679,0.153,China
01/06/1991,18.004,0.14,China
01/07/1991,20.059,0.21,China
01/08/1991,18.904,0.216,China
01/09/1991,14.517,0.171,China
01/10/1991,7.626,0.132,China
01/11/1991,0.087,0.122,China
01/12/1991,-5.919,0.124,China
01/01/1992,-7.318,0.132,China
01/02/1992,-4.629,0.231,China
01/03/1992,1.406,0.233,China
01/04/1992,9.359,0.248,China
01/05/1992,13.682,0.129,China
01/06/1992,17.22,0.225,China
01/07/1992,19.272,0.17,China
01/08/1992,18.496,0.115,China
01/09/1992,14.042,0.239,China
01/10/1992,6.687,0.058,China
01/11/1992,-0.565,0.208,China
01/12/1992,-5.351,0.391,China
01/01/1993,-8.566,0.108,China
01/02/1993,-2.412,0.129,China
01/03/1993,2.478,0.205,China
01/04/1993,8.268,0.171,China
01/05/1993,13.219,0.281,China
01/06/1993,17.599,0.171,China
01/07/1993,19.234,0.192,China
01/08/1993,17.883,0.139,China
01/09/1993,14.403,0.169,China
01/10/1993,7.196,0.097,China
01/11/1993,-0.121,0.211,China
01/12/1993,-6.148,0.199,China
01/01/1994,-7.049,0.208,China
01/02/1994,-4.148,0.197,China
01/03/1994,0.893,0.168,China
01/04/1994,9.235,0.168,China
01/05/1994,14.597,0.18,China
01/06/1994,18.31,0.221,China
01/07/1994,20.522,0.229,China
01/08/1994,19.494,0.156,China
01/09/1994,14.241,0.217,China
01/10/1994,7.047,0.091,China
01/11/1994,2.141,0.191,China
01/12/1994,-5.331,0.189,China
01/01/1995,-8.067,0.134,China
01/02/1995,-4.046,0.204,China
01/03/1995,1.742,0.186,China
01/04/1995,7.757,0.208,China
01/05/1995,14.218,0.165,China
01/06/1995,18.426,0.176,China
01/07/1995,19.738,0.188,China
01/08/1995,18.81,0.132,China
01/09/1995,14.66,0.189,China
01/10/1995,8.334,0.143,China
01/11/1995,0.89,0.099,China
01/12/1995,-5.923,0.073,China
01/01/1996,-8.036,0.146,China
01/02/1996,-4.711,0.115,China
01/03/1996,1.461,0.128,China
01/04/1996,7.73,0.168,China
01/05/1996,14.067,0.114,China
01/06/1996,17.752,0.238,China
01/07/1996,19.589,0.186,China
01/08/1996,18.707,0.18,China
01/09/1996,14.587,0.147,China
01/10/1996,7.834,0.137,China
01/11/1996,-0.012,0.133,China
01/12/1996,-5.416,0.171,China
01/01/1997,-7.128,0.072,China
01/02/1997,-4.386,0.131,China
01/03/1997,3.312,0.263,China
01/04/1997,9.023,0.159,China
01/05/1997,14.605,0.141,China
01/06/1997,17.997,0.138,China
01/07/1997,20.28,0.203,China
01/08/1997,19.431,0.227,China
01/09/1997,13.636,0.193,China
01/10/1997,7.49,0.186,China
01/11/1997,0.185,0.103,China
01/12/1997,-6.037,0.15,China
01/01/1998,-8.267,0.116,China
01/02/1998,-2.176,0.132,China
01/03/1998,2.118,0.161,China
01/04/1998,10.799,0.128,China
01/05/1998,14.458,0.205,China
01/06/1998,18.462,0.14,China
01/07/1998,20.232,0.119,China
01/08/1998,19.112,0.112,China
01/09/1998,15.683,0.167,China
01/10/1998,9.128,0.122,China
01/11/1998,1.621,0.087,China
01/12/1998,-4.548,0.148,China
01/01/1999,-6.333,0.139,China
01/02/1999,-1.844,0.084,China
01/03/1999,1.712,0.13,China
01/04/1999,9.692,0.186,China
01/05/1999,14.245,0.131,China
01/06/1999,18.468,0.138,China
01/07/1999,20.246,0.127,China
01/08/1999,18.964,0.122,China
01/09/1999,15.317,0.185,China
01/10/1999,8.084,0.183,China
01/11/1999,0.974,0.16,China
01/12/1999,-5.442,0.227,China
01/01/2000,-8.254,0.249,China
01/02/2000,-5.539,0.141,China
01/03/2000,2.196,0.158,China
01/04/2000,8.84,0.121,China
01/05/2000,15.253,0.139,China
01/06/2000,18.493,0.248,China
01/07/2000,20.942,0.196,China
01/08/2000,19.08,0.249,China
01/09/2000,14.741,0.14,China
01/10/2000,7.386,0.188,China
01/11/2000,-0.764,0.145,China
01/12/2000,-5.517,0.133,China
01/01/2001,-7.728,0.191,China
01/02/2001,-3.809,0.128,China
01/03/2001,2.478,0.236,China
01/04/2001,8.556,0.183,China
01/05/2001,14.723,0.179,China
01/06/2001,18.593,0.177,China
01/07/2001,20.833,0.127,China
01/08/2001,19.096,0.134,China
01/09/2001,15.011,0.235,China
01/10/2001,8.746,0.149,China
01/11/2001,1.406,0.181,China
01/12/2001,-6.748,0.171,China
01/01/2002,-5.917,0.123,China
01/02/2002,-1.72,0.116,China
01/03/2002,3.86,0.218,China
01/04/2002,9.195,0.154,China
01/05/2002,14.157,0.148,China
01/06/2002,18.738,0.125,China
01/07/2002,20.319,0.201,China
01/08/2002,19.284,0.123,China
01/09/2002,14.272,0.164,China
01/10/2002,7.477,0.247,China
01/11/2002,0.246,0.193,China
01/12/2002,-6.363,0.214,China
01/01/2003,-7.209,0.246,China
01/02/2003,-2.805,0.166,China
01/03/2003,2.331,0.177,China
01/04/2003,9.037,0.217,China
01/05/2003,13.892,0.231,China
01/06/2003,18.086,0.279,China
01/07/2003,19.766,0.246,China
01/08/2003,18.971,0.245,China
01/09/2003,15.089,0.228,China
01/10/2003,8.142,0.291,China
01/11/2003,0.534,0.133,China
01/12/2003,-5.57,0.155,China
01/01/2004,-7.354,0.236,China
01/02/2004,-2.744,0.181,China
01/03/2004,3.138,0.211,China
01/04/2004,10.284,0.192,China
01/05/2004,14.171,0.2,China
01/06/2004,18.159,0.273,China
01/07/2004,19.886,0.193,China
01/08/2004,18.757,0.192,China
01/09/2004,14.795,0.113,China
01/10/2004,7.661,0.225,China
01/11/2004,1.002,0.207,China
01/12/2004,-5.202,0.132,China
01/01/2005,-7.648,0.256,China
01/02/2005,-5.73,0.196,China
01/03/2005,2.237,0.14,China
01/04/2005,9.581,0.186,China
01/05/2005,14.079,0.142,China
01/06/2005,19.03,0.198,China
01/07/2005,20.465,0.18,China
01/08/2005,18.861,0.164,China
01/09/2005,15.706,0.088,China
01/10/2005,8.201,0.183,China
01/11/2005,1.359,0.129,China
01/12/2005,-7.179,0.166,China
01/01/2006,-7.002,0.231,China
01/02/2006,-3.224,0.172,China
01/03/2006,2.53,0.233,China
01/04/2006,8.887,0.278,China
01/05/2006,14.524,0.226,China
01/06/2006,18.417,0.221,China
01/07/2006,20.615,0.206,China
01/08/2006,20.066,0.17,China
01/09/2006,14.797,0.105,China
01/10/2006,9.595,0.131,China
01/11/2006,1.694,0.178,China
01/12/2006,-5.523,0.126,China
01/01/2007,-6.791,0.12,China
01/02/2007,-1.177,0.138,China
01/03/2007,2.673,0.171,China
01/04/2007,9.246,0.143,China
01/05/2007,15.426,0.129,China
01/06/2007,18.807,0.153,China
01/07/2007,20.174,0.095,China
01/08/2007,19.787,0.121,China
01/09/2007,14.989,0.196,China
01/10/2007,8.053,0.12,China
01/11/2007,1.012,0.099,China
01/12/2007,-4.678,0.144,China
01/01/2008,-8.9,0.244,China
01/02/2008,-6.205,0.258,China
01/03/2008,4.336,0.175,China
01/04/2008,9.603,0.135,China
01/05/2008,14.874,0.136,China
01/06/2008,18.462,0.22,China
01/07/2008,20.28,0.107,China
01/08/2008,18.826,0.202,China
01/09/2008,15.071,0.164,China
01/10/2008,8.635,0.12,China
01/11/2008,0.84,0.154,China
01/12/2008,-5.029,0.139,China
01/01/2009,-6.921,0.157,China
01/02/2009,-1.879,0.177,China
01/03/2009,2.721,0.133,China
01/04/2009,10.277,0.217,China
01/05/2009,14.555,0.147,China
01/06/2009,18.412,0.116,China
01/07/2009,20.251,0.238,China
01/08/2009,19.157,0.237,China
01/09/2009,15.26,0.121,China
01/10/2009,8.935,0.125,China
01/11/2009,-0.926,0.202,China
01/12/2009,-6.128,0.159,China
01/01/2010,-6.719,0.264,China
01/02/2010,-3.886,0.244,China
01/03/2010,1.736,0.19,China
01/04/2010,7.349,0.162,China
01/05/2010,14.293,0.182,China
01/06/2010,18.649,0.179,China
01/07/2010,21.043,0.191,China
01/08/2010,19.657,0.241,China
01/09/2010,15.117,0.148,China
01/10/2010,7.99,0.105,China
01/11/2010,1.401,0.196,China
01/12/2010,-6.049,0.222,China
01/01/2011,-10.498,0.198,China
01/02/2011,-3.099,0.131,China
01/03/2011,0.668,0.251,China
01/04/2011,9.503,0.148,China
01/05/2011,14.274,0.204,China
01/06/2011,18.73,0.213,China
01/07/2011,20.449,0.17,China
01/08/2011,19.623,0.129,China
01/09/2011,14.466,0.182,China
01/10/2011,8.493,0.16,China
01/11/2011,1.891,0.142,China
01/12/2011,-6.215,0.26,China
01/01/2012,-9.344,0.194,China
01/02/2012,-5.193,0.202,China
01/03/2012,1.666,0.153,China
01/04/2012,9.736,0.251,China
01/05/2012,15.09,0.219,China
01/06/2012,18.236,0.259,China
01/07/2012,20.389,0.276,China
01/08/2012,19.458,0.281,China
01/09/2012,14.479,0.306,China
01/10/2012,7.684,0.349,China
01/11/2012,-0.254,0.33,China
01/12/2012,-7.022,0.339,China
01/01/2013,-8.137,0.369,China
01/02/2013,-3.812,0.385,China
01/03/2013,3.819,0.311,China
01/04/2013,8.577,0.243,China
01/05/2013,14.824,0.171,China
01/06/2013,18.636,0.238,China
01/07/2013,20.482,0.153,China
01/08/2013,19.971,0.223,China